,material_id,strength_MPa,weight_capacity_kg,density_g_per_cm3,cost_per_kg_usd,biodegradability_score,co2_emission_kgCO2_per_kg,recyclability_percentage
material_id,1.0,0.09357874950647911,-0.06196716258139056,0.09072768523602061,-0.030796275366455707,-0.0017430466852728763,0.06433535615539471,-0.06238246371283822
strength_MPa,0.09357874950647911,1.0,-0.05159209814326384,-0.0692443026324021,0.02207607621967874,-0.0815818539778848,0.1668167575227067,0.04050380101917824
weight_capacity_kg,-0.06196716258139056,-0.05159209814326384,1.0,-0.08401766728979328,-0.006037068085346972,0.018006679752195005,-0.06656555059191262,0.010704416944793245
density_g_per_cm3,0.09072768523602061,-0.0692443026324021,-0.08401766728979328,1.0,0.13521169437791006,0.048235036822438036,0.06582830176619715,0.06942418789590239
cost_per_kg_usd,-0.030796275366455707,0.02207607621967874,-0.006037068085346972,0.13521169437791006,1.0,0.02163034736478824,0.052134588004760146,0.06848510686612821
biodegradability_score,-0.0017430466852728763,-0.0815818539778848,0.018006679752195005,0.048235036822438036,0.02163034736478824,1.0,-0.15997791039600515,-0.061182994452675825
co2_emission_kgCO2_per_kg,0.06433535615539471,0.1668167575227067,-0.06656555059191262,0.06582830176619715,0.052134588004760146,-0.15997791039600515,1.0,-0.07970744043374382
recyclability_percentage,-0.06238246371283822,0.04050380101917824,0.010704416944793245,0.06942418789590239,0.06848510686612821,-0.061182994452675825,-0.07970744043374382,1.0
